co_num;co_name;co_title;co_region;co_career;co_education;co_salary;co_skill;co_work;co_prefer;co_dday;co_ceo;co_establish;co_type;co_employee;co_sector;co_website
1;라온시스템즈(주);[라온시스템즈] SW 개발자 채용 [C#/C++];경기 군포시;신입, 경력;대졸(2,3년제) 이상;면접 후 결정;c++, c#;UI/UX 개발 및 시스템 구축, SW 유지보수;전기/전자공학, 컴퓨터/시스템공학, 공학계열 전공자;2024.02.20;김태호;2012년 01월 02일;중소기업;31;기타 무선 통신장비 제조업;www.laonsys.co.kr
2;(주)픽소니어;응용SW 개발자(C++,C#)-대전;대전 유성구;신입, 경력;대졸(4년제) 이상;면접 후 결정;c++, c#;응용소프트웨어, 네트워크 통신 소프트웨어, 지도 처리 및 영상처리 소프트웨어 개발;전공: 공학계열, 자격증: 정보처리기사, 활동경험: 해당직무 인턴경력, 해당직무 근무경험;채용시 마감;윤종식;1992년 02월 26일;벤처기업;74;시스템 소프트웨어 개발 및 공급업;www.pixoneer.co.kr
3;인터켐코리아;윈도우 응용 프로그램 개발/Smart Facforty 솔루션 개발직;서울 강남구;신입, 경력;대졸(2,3년제) 이상;면접 후 결정;c++, c#;플랫폼 개발;일본어 가능자, 해외근무 가능자;2024.02.29;이주천;2004년 07월 01일;중소기업;40;시스템 소프트웨어 개발 및 공급업;www.intercam.co.kr
4;(주)투비원솔루션즈;C++ 프로그래밍 개발자 모집;서울 구로구;경력;학력 무관;면접 후 결정;c++;c++ 프로그래밍 개발;정보처리기사;2024.3.16;허권;2012년 12월 05일;중소기업;38;응용 소프트웨어 개발 및 공급업;www.2beone.net
5;(주)포딕스시스템;응용 소프트웨어 개발자(MFC, C++) 모집;서울 구로구;신입, 경력;학력 무관;면접 후 결정;c++;당사 솔루션 개발 및 응용소프트웨어 개발;관련학과 전공자;2024.02.15;정재호;2011년 02월 14일;중소기업;53;기타 반도체소자 제조업;www.fodics.com
6;(주)심네트;(대전) 개발자 신입 / 경력직 모집 (C/C++,C#);대전 유성구;신입, 경력;대졸(2,3년제) 이상;면접 후 결정;c++, c#;응용 소프트웨어 개발;프로그램 개발 관련 학원 수료, 국방 M&S 개발 유경험;2024.01.21;차진섭;1999년 03월 15일;중소기업;168;응용 소프트웨어 개발 및 공급업;www.simnet.co.kr
7;케이씨아이;(케이씨아이) S/W 개발자 모집;서울 구로구;신입, 경력;대졸(4년제) 이상;면접 후 결정;c++;통합 응용프로그램 및 GUI 개발;Linux 및 Realtime OS 개발 및 운영 경험자;채용시 마감;고현준;1982년 09월 20일;중소기업;51;응용 소프트웨어 개발 및 공급업;www.kcei.com
8;(주)제이이노텍;스마트팩토리 C# SW개발 엔지니어 모집 [서울/천안];서울 금천구;신입, 경력;대졸(2,3년제) 이상;면접 후 결정;c, c++;스마트팩토리 SW 개발;전기/전자공학, 컴퓨터/시스템공학, 해당직무 근무 경험;채용시 마감;류정식;2014년 11월 03일;중소기업;30;응용 소프트웨어 개발 및 공급업;www.j-innotech.com
9;이스트시큐리티;[ESTsecurity] C++ 서버 개발자 (신입/경력);서울 서초구;신입, 경력;학력 무관;면접 후 결정;c++;보안 제품 및 서버 개발;C++, MySQL, MariaDB, Linux 사용 경험자, 서버 프로그래밍 경험자;2024.03.10;정상원;2017년 01월 03일;중소기업;188;응용 소프트웨어 개발 및 공급업;www.estsecurity.com
10;비앤에프테크놀로지(주);소프트웨어(C++) 개발 모집 (신입/경력);대전 유성구;신입, 경력;대졸(2,3년제) 이상;연봉 3160만원;c++;플랜트 제어 및 감시 응용소프트웨어 개발;C++ / 리눅스 관련 개발 가능자, 정보처리기사 보유자;2024.02.02;서호준;2000년 11월 10일;중소기업;69;응용 소프트웨어 개발 및 공급업;www.bnftech.com
11;펨트론;기술연구소 개발자 채용_window 응용개발;서울 금천구;신입, 경력;대졸(2,3년제) 이상;회사내규에 따름;c++;응용 소프트웨어 개발;컴퓨터 시스템공학, 수학, 통계학, 물리;상시 채용;유영웅;2002년 01월 15일;중소기업;206;그 외 기타 특수목적용 기계 제조업;www.pemtron.com
12;젬텍(주);Linux 기반 C/C++ 개발 및 운영자 모집;서울 강남구;신입, 경력;대졸(2,3년제) 이상;면접 후 결정;c, c++;메시지(SMS/MMS) 발송 서버 개발 및 운영;Linux 사용 가능, 장기근무 가능, 정보처리기사, 네트워크 및 통신에 대한 기본 지식 보유;2024.02.12;이원필;2015년 11월 06일;중견기업;15;응용 소프트웨어 개발 및 공급업;www.gemtek.co.kr
13;(주)아세테크;부산지사[신입,경력] 물류자동화 S/W 개발자 모집;부산 해운대구;신입, 경력;학력 무관;면접 후 결정;c#;물류 자동화 소프트웨어 개발;C# 언어 능통자, 통신 프로그램 개발 경험자;2024.01.31;박종석;1996년 05월 06일;중소기업;81;응용 소프트웨어 개발 및 공급업;www.asetec.co.kr
14;시크릿타운(주);메타버스 서비스 관련 C/C++ 서버프로그래머 채용;서울 서초구;신입, 경력;학력 무관;면접 후 결정;c++;서버 프로그래밍 개발;Docker, 분산처리,NoSQL, 상용서비스, Boost asio, Modem C++ 사용 유경험자;2024.02.18;조현규;2014년 10월 22일;중소기업;51;컴퓨터 프로그래밍 서비스업;www.secrettown.co.kr
15;(주)피아이이;(주)피아이이이 신입/경력사원 공개채용;경기 화성시;신입, 경력;고졸 이상;면접 후 결정;c++, c#;비전 S/W Framework 개발;공학계열 전공자, C++ C# 개발 능력 보유;2024.01.26;최정일;2018년 07월 06일;중소기업;164;그 외 기타 특수목적용 기계 제조업;www.piegroup.co.kr
16;보은전자정보통신(주);S/W 개발자 신입 채용(윈도우, C#/WPF, C/C++, 연봉 3700만);서울 강서구;신입;학력 무관;연봉 3700만원;c, c++;PC 기반 SW제품 및 모바일 영상처리 앱 개발;안드로이드, iOS 앱 개발;2024.01.23;우영섭;1995년 08월 08일;벤처기업;25;응용 소프트웨어 개발 및 공급업;www.bon.co.kr
17;(주)벰소프트;S/W 개발자 채용 (경력자우대);부산 강서구;신입, 경력;고졸 이상;면접 후 결정;c, c++, c#;SW 분석 및 솔루션 연구, 이송로봇 관제 솔루션 관련 프로그래밍 및 시뮬레이션;경력자 우대, 알고리즘 설계 및 개발 가능자, 운전 가능자;채용시 마감;김정민;2017년 01월 13일;중소기업;23;시스템 소프트웨어 개발 및 공급업;www.bemsoft.com
18;(주)셀바스에이아이;[셀바스AI] C++ 개발 (검증 자동화 SW) - 신입/경력;서울 금천구;신입, 경력;대졸(4년제) 이상;면접 후 결정;c++;자동차 관련 검증 자동화 SW 개발;임베디드 관련개발 또는 프로젝트, MFC 개발, Android App개발 경험자, yocto, cmake 사용 가능자, 컴퓨터/시스템공학 관련 학위 보유자;2024.01.31;곽민철;1999년 03월 31일;중소기업;180;응용 소프트웨어 개발 및 공급업;www.selvasai.com
19;(주)에이블정보;C++ 서버/클라이언트 개발자;서울 서초구;경력;대졸(2,3년제) 이상;회사내규에 따름;c++, c#;c++ 서버프로그램 어플리케이션 개발;C++ 개발 경험이 있는 어플리케이션 개발자;상시 채용;전경용;2013년 01월 29일;중소기업;142;응용 소프트웨어 개발 및 공급업;www.ableinfo.co.kr
20;(주)나이콤;[신입/경력] S/W 개발자(.NET/C/C#/C++/JAVA) 인재 모집;경기 안양시;신입, 경력;학력 무관;면접 후 결정;c, c++, c#;c/c++ 기반 Window/Android APP, 장치 제어 및 GUI 개발;1개 이상 언어 능통자, 관련 학과 졸업자, 개발에 대한 전문 지식 및 알고리즘 이해도가 높은 분, 유관 부서와 원만한 소통 가능자;2024.01.26;김대영;2001년 08월 21일;중소기업;86;사무용 기계 및 장비 제조업;www.enicom.co.kr
21;(주)브레인즈랩;소프트웨어 개발직 채용;경남 진주시;신입, 경력;학력 무관;면접 후 결정;c#;무인기 관련 지상체 프로그램 개발, 배포 및 유지보수;UI/UX 개선 기획 경험자;2024.01.21;백한영;2019년 02월 27일;중소기업;8;유인 항공기, 항공우주선 및 보조장치 제조업;www.brainslab.kr
22;(주)인텔코리아;C#, C++, MFC (캐드 CAD / BIM / 게임) 개발자;서울 금천구;신입, 경력;학력 무관;면접 후 결정;c++, c#;CAD/BIM/게임 개발;컴퓨터/시스템공학, 수학/통계학, 정보처리기사, 영어가능자, 컴퓨터활용능력 우수, CAD/CAM능숙자, 이공계 석박사 졸업자;2024.02.07;박승훈;1995년 09월 13일;중소기업;35;응용 소프트웨어 개발 및 공급업;www.cadian.com
23;(주)디엠테크컨설팅;데이터 수집 S/W 개발자 채용(C++);경기 화성시;신입, 경력;학력 무관;면접 후 결정;c++;데이터 수집 SW 개발;SQL사용 경험자, 데이터 통신 프로토콜 가능자;상시 채용;황수정;2019년 11월 13일;중소기업;38;응용 소프트웨어 개발 및 공급업;www.스마트공장장.com
24;BNF테크놀로지(주);[시차출퇴근제] 소프트웨어(C++) 개발 모집;대전 유성구;신입, 경력;대졸(2,3년제) 이상;연봉 3160만원 이상;c++;윈도우/리눅스 기반 원자력 제어 및 감시 소프트웨어 개발;컴퓨터공학 전공자, 정보처리기사 자격 보유;2024.01.27;서호준;2000년 11월 10일;중소기업;77;응용 소프트웨어 개발 및 공급업;www.bnftech.com
25;(주)에스제이시스템;소프트웨어, 응용프로그램 개발 신입, 경력직원모집(함안 본사);경남 함안군;신입, 경력;대졸(2,3년제) 이상;면접 후 결정;c, c++;소프트웨어 응용프로그램 개발;영어가능자, 컴퓨터활용능력 우수, 인근 거주자;2024.03.15;이성열;2009년 11월 25일;중소기업;45;기타 반도체소자 제조업;www.sejinsys.com
26;(주)지비티코리아;MCU/펌웨어/임베디드/C/C++ 신입사원 채용;경기 군포시;신입;대졸(2,3년제) 이상;면접 후 결정;c, c++;회로 및 전장 펌웨어 설계;C/C++/펌웨어/임베디드/MCU 유관 경험자,PCB Artwork, 마이크로프로세서 경험자;2024.01.31;류선용;2002년 03월 22일;중소기업;31;기타 반도체소자 제조업;www.gbtkorea.com
27;(주)모은넷;기술 연구소 sw 개발자 채용(JAVA,C,C++);경기 수원시;신입, 경력;학력 무관;연봉 3500만원;c++, c#;운영서버 구축 및 c++/c# 기반 서버 응용프로그램 개발;SW관련 학과 졸업예정자, 정보처리기사 자격증 소지자;2024.02.04;송달섭;2012년 04월 10일;중소기업;15;응용 소프트웨어 개발 및 공급업;www.m-n.kr
28;(주)뷰온;C#, C++ 개발 경력자 모집 - 자동화 검사장비;서울 금천구;신입, 경력;대졸(2,3년제) 이상;면접 후 결정;c++, c#;c++/c# 응용 프로그램 및 오픈소스 영상처리 라이브러리 사용한 DataBase 프로그램 개발;자동화 시스템 개발 경력자, 영상처리 시스템 개발 경력자, 머신비전 관련 분야 경력자, 국내외 출장 가능하신 분;2024.01.22;윤영욱;2018년 06월 19일;중소기업;37;기타 광학기기 제조업;www.view-on.com
29;대윤엔지니어링(주);C++/C#/MFC/Delphi 소프트웨어 개발자를 모집합니다;경북 구미시;신입, 경력;대졸(2,3년제) 이상;면접 후 결정;c++, c#;2차전지 관련 CIM, SMART FACTORY SOFTWARE 개발, SETUP, PC제어 소프트웨어 개발및 유지보수;2차전지 자동화 설비 유경험자, 전기/전자공학, 컴퓨터/시스템공학, 공학계열 전공자, 해당직무 근무경험자;2024.01.19;정연성;1996년 10월 31일;중소기업;15;응용 소프트웨어 개발 및 공급업;www.dataok.co.kr
30;참엔지니어링(주);참엔지니어링(주) 영상처리(Vision)개발 인재 채용(C++,C#);경기 용인시;신입, 경력;대졸(4년제) 이상;면접 후 결정;c++, c#;Refrernce 패턴영상 사용한위치 탐색 및 좌표 변환 알고리즘 개발, Repair 설비의 자동화를 위한 영상처리;영상처리 알고리즘(C#) 개발 경험자, 영상처리 라이브러리 경험자, 해외 근무 가능자;2024.02.09;이경희;1973년 10월 04일;중견기업;140;디스플레이 제조용 기계 제조업;www.charmeng.com
31;(주)드림시큐리티;보안기술연구소 암호기술연구소 개발자(C/C++) 채용;서울 성동구;신입, 경력;대졸(4년제) 이상;면접 후 결정;c, c++;암호 및 PKI 연구 개발;C,C++ 크로스 컴파일 경험자, IT 보안 관련 자격증 보유자;2024.01.20;범진규;2014년 06월 25일;중소기업;220;시스템 소프트웨어 개발 및 공급업;www.dreamsecurity.com
32;스냅태그(주);[스냅태그 연구소] Invisible Watermark C++ 개발자;경기 성남시;신입, 경력;대졸(2,3년제) 이상;면접 후 결정;c++;Invisible Watermark 연구, OS별 실행파일, 라이브러리 빌드 및 배포;라이브러리 제작 경험자, iOS, Android 환경에서 C++ 사용 경험자, OpenCV 경험자;채용시 마감;민경웅;2020년 09월 11일;중소기업;25;응용 소프트웨어 개발 및 공급업;www.snaptag.co.kr
33;(주)캐럿펀트;[주 4.5일제] C++ 소프트웨어 유지보수 및 기능 개발자 신규채용;경북 포항시;신입, 경력;대졸(4년제) 이상;연봉 4450만원;c++;Windows 기반 문화유산 전문 디지털 기록화 소프트웨어 개발 및 유지보수;해당직무 근무경험자, 알고리즘 개발 가능자, 오픈소스 활용 경험자;2024.01.21;이건우;2021년 02월 01일;중소기업;15;응용 소프트웨어 개발 및 공급업;www.carrotphant.com
34;(주)다누시스;연수고 AI / C++ 개발자 채용;경기 광명시;신입, 경력;대졸(4년제) 이상;회사내규에 따름;c++, python;실시간 객체 탐지 및 추적 알고리즘 개발;OpenCV, YOLO, MFC, MariaDB 경험자, C++( OPenCV),Python (Tensorflow, PyTorch) 라이브러리 활용 경험자, 멀티쓰레드 경험자, 전문연구요원 지원 대상자;상시 채용;강원호;2002년 10월 02일;중소기업;59;기타 무선 통신장비 제조업;www.danusys.com
35;(주)드림디엔에스;(주)드림디엔에스 S/W 개발 경력자 채용;서울 송파구;신입, 경력;대졸(2,3년제) 이상;면접 후 결정;c, c++;PKI 기반 보안 솔루션, API 개발 및 유지보수;해당 직무 경험 보유자;2024.01.31;박기준;2019년 01월 03일;중소기업;32;기타 주변기기 제조업;www.dreamdns.co.kr
36;(주)리버앤씨;2024년 (주)리버앤씨 직원 채용;경기 안양시;신입, 경력;학력 무관;회사내규에 따름;c++, c#;PC Application 개발;RS2332/485/422 경험, TCP/IP 통신 경험, Modbus 통신 경험, Database 경험;2024.01.31;최광태;2009년 01월 03일;중소기업;21;산업처리공정 제어장비 제조업;www.msea.com
37;(주)휴비스;[(주) 휴비스] 기술연구소 C/C++ 개발자 신입 및 경력자 모집;대전 유성구;신입, 경력;대졸(4년제) 이상;면접 후 결정;c, c++;레이저 마킹, 용접 자동화 설비 관련 소프트웨어 개발, 자동화 설비 관련 S/W 프레임워크 설계 및 개발;자동화 설비 관련 소프트웨어 개발 경험자, C/C++,MFC 사용 가능한 동종업계 경험자;2024.01.31;김명진;2009년 11월 20일;중소기업;112;배전반 및 전기 자동제어반 제조업;www.hubis.co.kr
38;(주)극동통신;제어설계(펌웨어,C++) 연구원 모집(신입/경력);대전 서구;신입, 경력;대졸(4년제) 이상;면접 후 결정;c, c++;FPGA 로직, 안테나 통신 연동 인터스페이스, 안테나 센서, 구동제어 설계 및 프로그램 개발; 해당직무 근무 경험;2024.02.10;이승호;1993년 11월 19일;중소기업;94;기타 무선 통신장비 제조업;www.kdtinc.co.kr
39;(주)엔클로니;선행연구 S/W 개발자(C언어);서울 구로구;경력;대졸(4년제) 이상;회사내규에 따름;c, c++, c#;c언어 SW 개발;전기, 전기공학, 컴퓨터 시스템 공학 전공자;상시 채용;이경호;2013년 11월 05일;중소기업;53;그 외 기타 특수목적용 기계 제조업;www.enclony.com
40;태하메카트로닉스(주);리눅스 어플리케이션 개발부문 신입/경력 직원모집;경기 안양시;신입, 경력;대졸(2,3년제) 이상;회사내규에 따름;c, c++;이미지 프로세싱/머신러닝, 리눅스 어플리케이션 개발;C, C++ 프로그램 가능자, 연구소 소속-전문연구요원 근무 가능;2024.01.28;임상희;1995년 01월 26일;중소기업;90;체조, 육상 및 체력단련용 장비 제조업;www.taeha.co.kr
41;휴비오주식회사;[신입/경력] 검사장비 C#, C++ SW 개발자 모집;경기 평택시;신입, 경력;대졸(2,3년제) 이상;면접 후 결정;c++, c#;검사장비 프로그램 개발;디스플레이 장비 PC 제어/검사장비 유경험자, 2차전지 검사장비 유경험자;2024.01.21;이준호;2016년 11월 14일;중소기업;34;디스플레이 제조용 기계 제조업;www.huvio.co.kr
42;(주)케이사인;(주)케이사인 C, C++, MFC, Visual C++개발 신입/경력자 모집;경기 과천시;신입, 경력;대졸(4년제) 이상;면접 후 결정;c, c++;c/c++ 보안솔루션 개발;컴퓨터.시스템공학, 공학계열 전공자, 정보처리기사, 정보처리산업기사, 보안 솔루션 개발 근무 경험;2024.01.26;최승락;2013년 12월 26일;중소기업;95;시스템 소프트웨어 개발 및 공급업;www.ksign.com
43;(주)인텔릭스;(주)엔텔릭스 소프트웨어 개발자 모집;경기 성남시;신입, 경력;대졸(4년제) 이상;면접 후 결정;c, c++, c#;GUI 소프트웨어 개발;인근 거주자;2024.03.02;반천식;2009년 02월 19일;중소기업;134;컴퓨터 제조업;www.intellics.co.kr
44;(주)한일진공;장비 시스템 소프트웨어 개발;인천 남동구;신입, 경력;대졸(2,3년제) 이상;회사내규에 따름;c, c++, python;Window 기반 응용프로그램 및 GUI 개발;자동화장비 S/W 개발, 동종업계 경력자, 네트웍/직렬통신 개발;2024.02.14;이청균, 김지훈;1988년 05월 20일;중견기업;105;그 외 기타 특수목적용 기계 제조업;www.hivc.co.kr
45;(주)코세스;반도체 S/W 개발자(C++, 설비제어, 삼성, 하이닉스 1차협력사);충남 아산시;신입;대졸(4년제) 이상;연봉 3500만원;c++;c++ 윈도우 응용프로그램 및 반도체 제조설비 SW(c++) 제어 개발 및 유지보수 업무;컴퓨터 공학 전공자, S/W 교육 이수한 자, 컴퓨터 프로그래밍 경험자, 인근 거주자, 운전 가능자, 해당직무 근무경험자;2024.02.17;박명순;1994년 01월 25일;중소기업;194;반도체 제조용 기계 제조업;www.koses.co.kr
46;(주)솔탑;응용 소프트웨어 개발자;대전 유성구;신입, 경력;대졸(4년제) 이상;회사내규에 따름;c#;무인기 지상체소프트웨어, 위성관제시스템 및 위성시스템 , 항공 및 위성 관련 시험 장비, 시뮬레이터 소프트웨어 개발;컴퓨터공학 전공자, WPF 및 Unity3D 관련 C# 개발 경험 보유자,객체지향 패러다임 및 MVVM 패턴에 대한 지식 보유자;상시 채용;사공영보;1999년 01월 09일;중소기업;117;시스템 소프트웨어 개발 및 공급업;www.soletop.co.kr
47;(주)이지서티;(주)이지서티 C/C++ 직군 경력 우대채용;서울 강남구;신입, 경력;대졸(4년제) 이상;면접 후 결정;c, c++, c#;c 개발 업무;컴퓨터활용능력 우수, 인근거주자, 문서작성 우수자;상시 채용;심기창;2001년 11월 24일;중소기업;54;시스템 소프트웨어 개발 및 공급업;www.easycerti.com
48;세기미래기술(주);C/C++/JAVA 소프트웨어 개발자 채용;서울 금천구;경력;대졸(2,3년제) 이상;면접 후 결정;c, c++;c/c++를 활용한 전기·전자·제어 소프트웨어 개발, 유지보수 업무;유관업무 경험자(인턴, 알바);상시 채용;전병덕;1999년 01월 02일;중소기업;20;배전반 및 전기 자동제어반 제조업;www.segi21.com
49;(주)씽크소프트;개발자 채용 자동화 물류/반송 설비 PC제어 S/W 개발 신입 경력;충남 아산시;신입, 경력;학력 무관;면접 후 결정;c#;자동화 설비 PC 제어 솔루션 개발 및 셋업;전기/전자공학, 컴퓨터/시스템공학 전공자, 해당직무 근무, 현장학습 등 경험자;2024.01.17;박주현;2017년 05월 22일;중소기업;18;시스템 소프트웨어 개발 및 공급업;www.think-soft.co.kr
50;(주)넷커스터마이즈;임베디드 SW개발자;대전 유성구;신입, 경력;학력 무관;회사내규에 따름;c, c++;c/c++ 임베디드 소프트웨어 설계 및 개발, 소프트웨어 품질 시험;프로젝트 팀원과의 협력 및 공동 개발이 가능한 자, 고객과의 기술회의 및 인터페이스가 좋은 인력;상시 채용;안명수;2000년 01월 14일;중소기업;71;응용 소프트웨어 개발 및 공급업;www.netcus.com
51;(주)인젠트;데이터플랫폼팀_DBMS 관리 솔루션 개발자 채용;서울 영등포구;경력;대졸(4년제) 이상;회사내규의 따름;c++;DBMS 관리 솔루션 개발 및 유지보수;Java,C,C++ 개발 경험자;상시 채용;남석우;2000년 07월 21일;중소기업;262;응용 소프트웨어 개발 및 공급업;www.inzent.com
52;(주)삼원테크;기술연구소 S/W;경기 부천시;신입, 경력;대졸(4년제) 이상;회사내규에 따름;c++;소프트웨어 개발;임베디드 리눅스 기반 개발 경험자, 비흡연자;2024.01.31;이영익;1998년 12월 10일;중소기업;44;산업처리공정 제어장비 제조업;www.samwontech.com
53;(주)리스너;(현대모비스 충주공장) 생산정보시스템 운영 인력 모집;충북 충주시;신입, 경력;대졸(2,3년제) 이상;면접 후 결정;c#;생산정보시스템(MES) 유지보수 및 운영 관리;컴퓨터/시스템공학, 공학계열 전공자, 정보처리기사 자격증 보유, 컴퓨터활용능력 우수, 인근 거주자, 해당직무 근무경험자, DB 개발 가능자;2024.02.08;김원, 최성천;2016년 06월 09일;중소기업;94;응용 소프트웨어 개발 및 공급업;www.lisner.co.kr
54;(주)넷커스터마이즈;신호처리 관련 FPGA Logic, 임베디드 SW 개발자;대전 유성구;신입, 경력;대졸(4년제) 이상;회사내규에 따름;c, c++;임베디드 SW 설계, FPGA Logic 개발 및 시험;신호처리 및 변복조 관련 시스템 개발자, 시스템에 대한 이해도가 높은 기술 인력;상시 채용;안명수;2000년 01월 14일;중소기업;71;응용 소프트웨어 개발 및 공급업;www.netcus.com
55;(주)소만사;[소만사] C++ 기반 정보보안 SW개발자;서울 영등포구;신입, 경력;대졸(2,3년제) 이상;면접 후 결정;c++;제품군에 따른 정보보안 에이전트 개발;C++ 숙련, 오픈소스 프로젝트 활용 및 기여 경험;2024.02.20;김대환;1997년 03월 25일;중소기업;238;시스템 소프트웨어 개발 및 공급업;www.comansa.com
56;리스광시스템(주);[리스광시스템] 응용 S/W 개발직 모집;충북 청주시;신입, 경력;대졸(2,3년제) 이상;연봉 3000만원 이상;c, c++, c#;응용 SW UI, 자동화 검사장비제어 SW, Machine Vision SW 개발;C, C++, MFC, C# 프로그래밍 가능자, 동일직종 경력자;2024.02.14;이성훈;1999년 12월 07일;중소기업;45;기타 광학기기 제조업;www.leesos.com
57;(주)다온정보기술;Java, php, JSP, C#, C++, C, Python 등 프로그래머 모집합니다;전북 전주시;신입;학력 무관;연봉 3000만원;c, c++;스마트팜 시스템 프로그램 개발;원격 제어 및 장치 제어 개발 관심자, 센서, 통신, 펌웨어 개발 관심자;채용시 마감;노기수;2017년 09월 18일;중소기업;10;컴퓨터 프로그래밍 서비스업;www.daoninfo.com
58;(주)아이옵스;(주)아이옵스 연구센터 채용(위성,레이다,S/W, GIS, AI, 개발);대전 유성구;신입;대졸(4년제) 이상;면접 후 결정;c++;위성 레이다 신호 처리 개발;관련 학과 전공자, 유관업무 경력자, C++ 또는 Matlab사용경험, 레이다 신호처리 SW개발 기술 요건 충족;채용시 마감;김영옥;2015년 03월 23일;중소기업;100;응용 소프트웨어 개발 및 공급업;www.i-ops.co.kr
59;(주)페이타랩;[패스오더] 개발자;서울 강남구;신입, 경력;학력 무관;회사내규에 따름;c++;WPF를 이용한 응용프로그램 개발, 배포 및 유지보수;Thermal Printer 연동 및 시스템 개발 경험자;상시 채용;곽수용;2018년 02월 28일;벤처기업;66;시스템 소프트웨어 개발 및 공급업;www.passorder.co.kr
60;신코;(주)신코 중앙연구소 소프트웨어 엔지니어 채용;대전 유성구;신입, 경력;대졸(4년제) 이상;회사내규에 따름;c++, c#;소프트웨어 개발;관련 전공 보유자(전기·전자공학, 전산학·컴퓨터공학, 정보·통신공학 등), 인근거주자, 지방근무 가능자, Install Shield 사용 겅험자, 유관업무 경력자;2024.01.29;최헌;1990년 11월 15일;중소기업;74;정밀기기 및 과학기기 도매업;www.scinco.com
61;타이아(주);타이아(주) 테크놀로지센터 (광주) 개발팀 채용공고;광주 광산구;신입, 경력;대졸(4년제) 이상;연봉 3100만원;c, c++;응용 소프트웨어 개발;컴퓨터 활용 능력 우수자, 응용 프로그램 개발 경험자, 정보처리기사 등 관련 자격증 소지자, 운전 가능자, 해당 직무경험자, 관련 전공자, 해외 출장 가능자;2024.01.31;이성미;2008년 02월 13일;중소기업;20;산업처리공정 제어장비 제조업;www.tiasolution.net
62;(주)씨유박스;로봇연구소 물류로봇시스템 동작제어 연구개발 신입 및 경력채용;대전 유성구;신입, 경력;석사졸업 이상;회사내규에 따름;c++, python;물류로봇시스템 동작 제어, 최적경로 생성 및 충돌회피 연구개발, 산업용 로봇 및 협동로봇 제어 SW 개발;매니퓰레이터 경로 계획 알고리즘 및 제어 시스템 개발 관련 경험자, screw theor 기반 기구학 알고리즘 개발 경험자;2024.01.31;남운성;2010년 05월 31일;중소기업;129;응용 소프트웨어 개발 및 공급업;www.cubox.ai
63;(주)퀄리티아;(주)퀄리티아 신입 및 경력직 C / C++ 개발자 모집;서울 강남구;신입, 경력;대졸(2,3년제) 이상;면접 후 결정;c, c++;상기 기존 자사제품 업그레이드 및 유지보수 개발;네트워크 프로그래밍관련 지식 보유자 및 활용, DBMS 활용 경험자;채용시 마감;김기영;2001년 12월 06일;중소기업;16;응용 소프트웨어 개발 및 공급업;www.qualitia.co.kr
64;(주)에이치피케이;DS제어 [SW 개발 업무] 정규직 모집(SW, PMAC, C, C#);경기 평택시;신입, 경력;대졸(2,3년제) 이상;면접 후 결정;c, c++, c#;자동화 장비 프로그램 개발;Laser장비제어 경험자, Vision 개발 경험자, 국내외 출장 가능자;2024.03.10;고정수;2023년 10월 01일;중소기업;192;반도체 제조용 기계 제조업;www.hpk.kr
65;(주)무등기업;전산(IT)팀원 채용 공고 - 전산개발;광주 광산구;신입, 경력;대졸(4년제) 이상;면접 후 결정;c++;전산 개발;정보처리기사 자격증 보유자, 해당직무 근무경험자;채용시 마감;박건우;1988년 01월 14일;중소기업;78;그 외 자동차용 신품 부품 제조업;www.moodng.com
66;(주)어셈블;인공지능 개발자 신입 및 경력직 채용;대전 유성구;신입, 경력;대졸(4년제) 이상;면접 후 결정;c#, python;데이터 분석, 인공지능 알고리즘 개발;컴퓨터/시스템공학, 인공지능 관련 프로젝트 실제 운영경험이 있는 분, 데이터 분석관력 자격증 보유자;2024.02.02;엄준영;2012년 12월 26일;중소기업;38;응용 소프트웨어 개발 및 공급업;www.assembble.com
67;(주)마이띵스;(주)마이띵스 C / C++ 소프트웨어 개발자 모집;서울 마포구;신입, 경력;대졸(2,3년제) 이상;면접 후 결정;c, c++;Desktop Application, loT 제품 펌웨어 개발 및 유지보수;Linux 운영체제 개발 경험, 컴퓨터공학 계열 전공자;상시 채용;이상호;2012년 11월 14일;중소기업;17;배전반 및 전기 자동제어반 제조업;www.mythings.co.kr
68;(주)넷맨;(주)넷맨 연구소 신입/경력 상시 채용;서울 금천구;신입, 경력;학력 무관;연봉 4000만원 이상;c, c++, python;리눅스 서버 시스템 개발;C/C++, Python, PHP 언어 중 하나 이상의 지식 보유, DB 및 Linux 지식 보유자, 보안 솔루션 서버 개발 경험자;상시 채용;서승호;2001년 09월 01일;중소기업;64;시스템 소프트웨어 개발 및 공급업;www.netmain.co.kr
69;비전세미콘(주);비전세미콘(주) 기술연구소 S/W 개발 신입/경력 모집;세종시;신입, 경력;대졸(4년제) 이상;면접 후 결정;c++, c#, python;Windows/LINUX 기반 Application SW 개발;자동화 관련 S/W 개발 경력자, LINUX 기반 개발 환경 개발 경험자, 라즈베리파이 기반 개발 경험자;2024.01.19;윤통섭;2001년 03월 09일;중소기업;131;반도체 제조용 기계 제조업;www.visionsemicon.co.kr
70;(주)이노테크;(주)이노테크 제어팀 신입 또는 경력직 모집;충남 아산시;신입, 경력;학력 무관;면접 후 결정;c++, c#;검사장비/자동화 장비 제어SW개발, SW Set up 및 유지보수;디스플레이/반도체/FA장비 유경험자, 영상처리/신호처리 유경험자, 공학계열 전공자, 해외근무 가능자;2024.02.09;장석준;2013년 06월 20일;중소기업;42;디스플레이 제조용 기계 제조업;www.innotech2013.com
71;(주)하나텍시스템;(주)하나텍시스템 연구소 개발자 채용;경기 광명시;신입, 경력;고졸 이상;면접 후 결정;c, c++;고객사 커스터마이징 SW 개발;C,C++ 개발 경험자, Linux 개발 경험자;2024.02.18;김승일;2010년 01월 06일;중소기업;84;기타 무선 통신장비 제조업;www.hanatek.co.kr
72;(주)씨코드;Linux based 차량용 SW 개발자(C/C++) 모집 (신입,경력);경기 용인시;신입, 경력;대졸(2,3년제) 이상;면접 후 결정;c, c++;응용 소프트웨어 개발;전기/전자공학, 컴퓨터/시스템공학, 공학계열 전공자, 정보처리기사 자격증 보유자,해당 직무 경험자;2024.02.29;정원주;2009년 06월 08일;중소기업;65;컴퓨터 프로그래밍 서비스업;www.ccode.co.kr
73;(주)아이엠티;소프트웨어 개발 엔지니어 신입/경력 채용;세종시;신입, 경력;학력 무관;면접 후 결정;c++, c#;응용 소프트웨어, 시험장비 SW, GUI 설계 및 개발, 하드웨어 및 계측장비 제어;모집분야 및 방위산업 관련 유경험자;2024.02.04;조자연;2000년 03월 23일;중소기업;87;항공기, 우주선 및 보조장치 제조업;www.imtplus.com
74;(주)에스에이티정보;연구개발부 C++ 개발자 모집;서울 구로구;신입, 경력;대졸(2,3년제) 이상;면접 후 결정;c++;비정형 데이터 처리 문서 변환 부문 개발;없음;2024.01.28;오세용;2010년 03월 08일;중소기업;27;응용 소프트웨어 개발 및 공급업;www.satu.co.kr
75;(주)트리비젼;(주)트리비젼 S/W 개발자 및 엔지니어 모집;서울 서초구;신입, 경력;대졸(2,3년제) 이상;면접 후 결정;c, c++;Machine Vision 관련 프로그램 개발 및 대응;해당직무 인턴경력, 컴퓨터 시스템 공학 전공자;2024.04.25;이상호;2013년 03월 19일;벤처기업;8;방송장비 제조업;www.triv.co.kr
76;(주)루리텍;(주)루리텍 각 부문 소프트웨어개발자, 전문연구요원 및 신입/경력 직원 채용(C/C++, MFC);경기 안양시;신입, 경력;학력 무관;면접 후 결정;c, c++;PC 모션 제어 SW 개발;C/C++, MFC 개발 경험자, Motion 제어 및 I/O 제어 경험자, 컴퓨터 관련 학과 전공자;상시 채용;이광순;2012년 09월 19일;중소기업;72;그 외 기타 특수목적용 기계 제조업;www.luritech.com
77;(주)커미조아;SW 개발자 신입/경력 사원 모집 [2024];세종시;신입, 경력;학력 무관;면접 후 결정;c, c+, c#;모션 컨트롤러 응용 프로그램, 라이브러리/미들웨어, 임베디드 소프트웨어, 디바이스 드라이버 개발;석.박사 우대;2024.01.31;민경훈;2000년 08월 01일;벤처기업;40;산업처리공정 제어장비 제조업;www.comizoa.com
78;(주)코닉글로리;무선 정보보안 SW개발자 (C/C++);서울 강남구;신입, 경력;대졸(2,3년제) 이상;회사내규에 따름;c, c++;무선센서 신규개발 및 기능개선 작업, 탐지 및 차단성능 개선, 프로토콜 분석, 장애분석 및 대응;전산학/컴퓨터공학/응용소프트웨어공학/정보통신공학 전공자, 프로그램 관련 전문교육기관 이수자;상시 채용;조명제;2023년 05월 03일;중소기업;51;응용 소프트웨어 개발 및 공급업;www.kornicglory.co.kr
79;(주)아이티사이언스;(주) 아이티사이언스 기술연구소 소프트웨어 개발자;경기 안양시;신입, 경력;학력 무관;면접 후 결정;c, c++, c#;BMS SW, GUI 개발;컴퓨터 공학, 전산/정보통신 관련 전공자, 운전가능자;2024.02.12;노순석;2002년 11월 25일;중소기업;158;응용 소프트웨어 개발 및 공급업;www.itscience.co.kr
80;(주)큐비콘;[큐비콘] 제어 SW 개발자 모집 신입/경력 채용;경기 성남시;신입, 경력;대졸(4년제) 이상;면접 후 결정;c++;제어 소프트웨어 개발 및 유지보수;MFC UI 개발 능력, 제어 시스템 설계 및 개발 경험, TCP/IP, RS232, 통신 개발 경험, 영어 의사 소통 능력, 문제 해결 및 창의적인 사고 능력, 협업과 리더십 능력;상시 채용;이동구;2017년 07월 14일;중견기업;40;디지털 적층 성형기계 제조업;www.3dcubicon.com
